{
  "version": 1,
  "author": "Anonymous maker",
  "editor": "wokwi",
  "parts": [
    { "type": "wokwi-arduino-nano", "id": "nano", "top": 0, "left": 0, "attrs": {} },
    {
      "type": "wokwi-pushbutton-6mm",
      "id": "btn1",
      "top": -75.8,
      "left": 100,
      "rotate": 90,
      "attrs": { "color": "green" }
    },
    {
      "type": "wokwi-pushbutton-6mm",
      "id": "btn2",
      "top": 106.6,
      "left": -72.8,
      "rotate": 90,
      "attrs": { "color": "green" }
    },
    {
      "type": "wokwi-pushbutton-6mm",
      "id": "btn3",
      "top": 106.6,
      "left": -15.2,
      "rotate": 90,
      "attrs": { "color": "green" }
    },
    {
      "type": "board-ssd1306",
      "id": "oled1",
      "top": 147.14,
      "left": 96.23,
      "attrs": { "i2cAddress": "0x3c" }
    },
    {
      "type": "wokwi-buzzer",
      "id": "bz1",
      "top": -141.6,
      "left": 40.2,
      "attrs": { "volume": "0.1" }
    }
  ],
  "connections": [
    [ "btn1:1.r", "nano:GND.2", "blue", [ "v0" ] ],
    [ "btn1:2.r", "nano:3", "violet", [ "v29.6", "h-19.1" ] ],
    [ "bz1:2", "nano:9", "red", [ "v48", "h-28.7" ] ],
    [ "oled1:GND", "nano:GND.1", "black", [ "v-19.2", "h10.1" ] ],
    [ "oled1:VCC", "nano:5V", "red", [ "h0.15", "v-38.4", "h-18.7" ] ],
    [ "btn3:2.l", "nano:GND.1", "blue", [ "v-9.6", "h153.7" ] ],
    [ "btn2:2.l", "nano:GND.1", "blue", [ "v-19.2", "h211.3" ] ],
    [ "btn2:1.l", "nano:12", "violet", [ "v-124.8", "h67.7" ] ],
    [ "btn3:1.l", "nano:11", "violet", [ "h28.8", "v-124.8", "h-9.1" ] ],
    [ "nano:A5", "oled1:SCL", "cyan", [ "v62.4", "h56.8" ] ],
    [ "oled1:SDA", "nano:A4", "yellow", [ "v-48", "h-76.23" ] ],
    [ "bz1:1", "nano:GND.2", "black", [ "v28.8", "h58.1" ] ]
  ],
  "dependencies": {}
}